avg_grade,attendance_rate,participation_level,final_score
82.45071229516849,107.98710873172004,1,94.7321990628231
72.92603548243223,98.49267365825537,0,64.37409092726539
84.71532807151038,81.19260739840348,1,83.38883070016496
97.84544784612038,67.06126444588853,0,80.33118473739749
71.48769937914996,93.96446627227179,2,92.00113209078404
71.4879456457623,87.86970770843499,2,100.0
98.68819223261087,97.90386440055465,0,90.33307478257245
86.51152093729362,92.70343603363939,2,94.69767038825793
67.95788421097572,100.9910543063867,1,80.59472558305607
83.13840065378947,69.29529576878863,1,71.79039745557802
68.04873460781306,106.34788131268651,0,72.33060641200998
68.01405369644614,83.95199209384799,1,71.82874956101828
78.62943407349051,121.5052174525053,2,100.0
46.30079633013303,66.21624363820864,2,64.89764951656474
49.12623251230451,114.71927606330499,0,63.307692747397965
66.5656870613854,83.95821566925295,0,61.949087730585106
59.80753319498364,66.97163992771104,1,74.67026865457015
79.71370998892911,70.32228331891356,1,77.31869715844198
61.37963886718184,73.5930538361136,1,78.06848468853919
53.81544447997062,88.48331892803833,1,72.9050211769852
96.98473153382331,90.45670976071,2,100.0
71.61335549270197,68.52599992122842,2,85.3694790085773
76.01292307031886,79.51290815478035,1,81.43061277970666
53.62877720679815,122.84540717223727,2,79.392525579022
66.83425913212226,114.55086340201423,1,83.07139752912384
76.66383884564799,88.72647339348065,1,86.84203518135459
57.73509633866546,80.760069563364,1,68.62459275483795
80.63547027518509,82.40062653436523,1,76.07552089140275
65.99041965121792,92.27035945460833,2,87.0133373742259
70.62459375310085,59.54414869603189,1,78.75852844194753
65.97440081655904,74.8524692515331,1,78.27483984306895
102.78417276763406,46.62831852244821,1,85.34897917048474
74.79754162893099,87.98446245210559,0,76.03111009828069
59.13433606566149,92.94391879405482,2,81.53124217577307
87.33817368154783,70.33627075401252,1,74.98442750099885
56.68734525043467,111.47973526580066,1,72.83399778935322
78.13295392507133,55.484686739953176,1,81.33962221956975
45.60494814180336,50.7125023958036,1,51.20675419467657
55.07720926652354,84.48903637119945,0,57.17611657439887
77.95291853803685,100.94196605224309,1,85.55514995712063
86.07699869993115,113.67855382915738,1,100.0
77.57052421784955,70.8223147426212,2,95.9188035303064
73.2652757641764,101.57361666862592,2,100.0
70.48344456616067,79.22983060998585,2,85.2637898706919
52.82217014448859,76.54745400118361,1,66.1356607307837
64.20233687407936,97.67319874973344,1,70.24014900226369
68.09041843560318,93.0464575682684,0,76.1528604624338
90.85683339328374,48.47215686031501,2,83.21684933772507
80.15427434352692,109.53080699451792,1,92.03568452328467
48.554397669558995,107.60182708294903,1,65.92667408845588
79.86125954092192,67.48874596980941,1,75.2190453818025
69.22376579375525,87.91607066874818,0,63.722768521629106
64.84616999541062,89.88060372565478,1,72.83250681156372
84.17514433261302,85.21347531647814,0,73.37351567876635
90.46499283743927,68.9938969230916,2,92.23582080476567
88.96920178674299,66.56753264123897,1,87.51845042331901
62.41173715166042,79.48891858017109,0,55.769403899734975
70.36181436223178,103.45458038518728,1,84.3561698679646
79.96895147105346,90.87200309188864,0,81.33276757172646
89.63317690683539,72.58771335827788,1,82.99023832901761
67.81238643232065,95.43397421296689,2,85.72802966954444
72.21511535004274,23.02914758739849,0,49.08519036034393
58.40497538990958,102.97531400744207,2,91.83420547798193
57.05690063878994,45.20572442443801,0,48.76639586537215
87.18788733591298,72.75118117193736,1,81.48201528009099
95.34360042856234,57.60660210747712,2,96.90752414532075
73.91984817629499,54.106370485581884,1,65.07235930226945
90.05299346838036,103.21653574757039,0,88.40355435751407
80.42454037571451,70.64597597376218,1,81.49155355606621
65.32320368092314,86.93007763461432,1,73.73390314324377
80.4209340826262,79.06158842241632,2,87.77810798406446
98.07054849698955,89.54081654446243,1,91.27116945011517
74.46260941335073,81.53643782120511,2,91.81258367610151
98.4696548372101,54.340155516228606,2,100.0
35.703823438653835,99.9253363889428,1,58.213356244731166
87.32853756562835,70.12486833677374,2,95.72651655816657
76.30570602357257,48.86836202680498,1,60.00879712917468
70.51488974301199,71.43769678068175,2,80.81715422672572
76.37641164803253,110.01519581268622,0,78.67511106827087
45.18646628098661,97.00443484226986,1,61.66479313636375
71.70492168243732,73.02695731184282,1,70.24850832906726
80.35668857267619,73.01484591363142,1,76.77956913535071
97.16841067112274,73.56729897565235,1,91.8321997370012
67.22594672589528,121.53495967121682,2,95.85941084487035
62.87259595660218,87.63870904463107,0,52.824014120725764
67.47364434623195,88.60083294382139,0,56.46093572771025
88.73103176553111,100.60566908063684,2,100.0
79.93126664489526,84.77578318053027,1,85.67992787136399
67.05359694349441,74.81915708358594,2,68.94038107754625
82.69901149670034,76.07300301830044,2,89.94265692275219
76.4561632402206,78.56797481171873,2,86.81285110506087
89.52967485799334,79.25555526980317,2,100.0
64.46920359183972,94.5525908727396,1,75.1221903583614
70.08506780103347,81.03891771614599,0,68.27766091916851
69.11837770301764,94.65280154431159,2,90.57315278554138
53.04727577801822,78.38566839782835,1,54.691233587123435
79.44180415596864,81.57270380632181,0,75.9779297186364
78.91582908269834,40.035986309357845,1,70.4372758697078
75.07670184963692,98.32655349404963,2,97.08533035636998
71.4811929993728,86.92976951795985,1,98.59883518719326
53.769438869243785,99.96020219719304,1,61.82915928321123
68.69032015851961,22.074892436126213,1,66.46014307475517
69.85928225209845,121.76749409561455,1,87.00857998294165
62.96584096167572,77.20820743689653,1,72.37861133008943
72.58071432500986,102.16365633475033,1,83.9699642689248
81.06076285221808,59.20188145748938,0,64.27584048158744
103.29278851815795,92.2554781012514,2,100.0
77.61866719247759,58.93168873652688,1,75.89825061430966
78.86325586084146,67.5246207860839,2,79.98947126897166
73.8833112635075,118.28062707733572,2,100.0
46.21843177051438,76.18635198473307,1,58.50599263330227
74.60229186826174,84.34865746359446,1,74.4156256648336
75.90345314911539,97.40135461377508,1,82.5124139836227
111.94863168727929,89.91363775945209,2,100.0
72.11458552828316,83.00837810287153,1,75.49458931275024
79.52321013500419,87.2992200493245,1,85.69596018684797
74.47932345442135,128.0683117047655,1,89.45330620550509
57.46982943570702,78.8476240593283,1,71.92579412884079
92.14234221772531,84.02198093429935,0,83.91953830487601
86.27899549030161,101.01308792015224,1,100.0
86.8654792056457,102.11051865915968,2,100.0
61.35918817807892,103.7406061112076,1,81.28096876399916
96.04191466404149,92.77460444058369,1,95.94786782829472
53.97223405811579,57.13990174539033,1,66.00466986780164
83.80285640700406,112.66863064602191,2,100.0
107.85683438714968,57.07309213962624,0,85.56105483856408
60.14195512303968,86.05270930478066,2,80.9274993846746
66.50553405595842,64.91448299961284,1,69.05672444791642
76.49477047631461,78.71723306814015,1,79.97079462847266
67.44786518825701,86.5752482060696,0,67.70249555690847
51.74004853400801,86.42714430900546,0,56.39102719749665
76.0284446220904,88.4384150847057,1,83.22215721451857
59.06544429410843,112.27422538117294,1,87.01212447862785
82.10388645952773,89.0706860302796,2,100.0
61.20863648649295,75.11686729418703,0,63.60601504263635
98.24901607526309,99.28174336576714,1,96.45623502476865
63.251200614956446,103.78940977849281,1,74.64133916138009
70.16907725691486,55.447843697260154,0,63.51230225451572
87.20275826054504,91.94800139699716,0,84.28628933807515
56.53703525349067,94.02345484621796,1,79.4926109847147
78.41189901906193,74.04872993280016,1,76.24185526143106
94.60714131423643,107.51413626623238,1,97.87078239160984
50.88775148158159,76.99888825934947,1,55.434896554126624
77.76950787798457,82.51152906943085,1,79.45280791731562
78.89824191372635,76.5385635143226,0,75.28336675542982
86.72734307665965,80.31158095162935,1,83.79740323534361
56.44573933682877,58.074498262095965,2,74.49219205673016
55.193150803735854,51.198982348114114,1,57.52306965668669
82.82912348425347,111.89010126449944,1,94.88478961100971
79.45477009849779,63.060773033633446,1,70.85263702011036
78.75739275518815,60.172153010873856,2,85.73212880454454
80.19672314245463,36.932197727925704,2,64.24201334934688
64.79962917632264,67.22076504620995,1,68.11152622884664
78.48380545741506,53.53820413185004,2,74.99937829542836
79.39608709948021,112.84030320272738,0,87.51971580324042
64.28472872960448,100.19634178685268,0,72.51677653764105
102.98661766717134,66.23699309644553,2,100.0
82.10749381367681,125.04871610688618,2,100.0
57.13044754196027,99.63530973983188,0,59.42427884300153
84.84830412950744,73.50337232982756,1,91.69681016623052
60.379774946590175,30.011885702528538,0,49.89238850001459
86.80626905613678,125.81885145181484,1,98.6466404331318
92.37893368511106,52.20855066472808,2,96.76802614639978
62.68976522472434,47.09202506086216,1,56.20999909103509
89.45064193866483,100.45140864019281,1,89.68323694761837
81.19171390404748,128.79504812678545,1,94.31059416426562
87.33090239991735,107.68545637021036,0,82.05928981069343
103.4518947398092,91.27818240104719,1,94.1718033503984
71.31917825995694,91.89508683330573,1,86.4754483414425
63.693957534637654,97.06831117560615,2,86.04259587161529
61.65728355561715,95.17857179573531,2,87.31046651387528
62.762845725518424,85.62382847938751,0,60.4930991470589
73.84347435878844,82.08402207903752,2,79.82827473624174
80.11727962224965,78.74813744200955,2,93.04509579790978
79.15036198995028,64.92070822266648,2,77.40515478367122
87.40774873554035,74.38649846266452,1,84.41742854969621
75.1950283781686,46.14086371609229,1,62.1177009475648
96.80301115735975,78.033207464105,1,100.0
71.03014750143066,60.22817785698165,0,65.2433554688265
115.80253749884429,57.92821365568458,1,97.38875555236933
84.3850102164751,83.59788302306957,1,92.02890442507926
62.14263665375576,107.84004572689199,1,75.40601582299237
58.93661252908332,98.36633212004625,2,87.58926404681434
82.23708622864778,48.589987927536455,1,74.91830028404317
71.64805822011223,60.20743726859325,0,62.37116651931367
85.71000741138138,98.81542375976431,2,100.0
82.09856436860318,60.35025212923381,2,91.02667477383105
73.9075663101469,75.50733700005951,2,88.44035920023111
62.29809422897392,91.00104198049104,2,76.40473195039019
52.27729162971203,60.633110902727296,1,54.75607677224809
68.30227571899468,82.1075101229192,2,85.00007380029395
87.84598191485209,53.31949010163591,0,69.17029805078528
78.21140616195306,67.97264712097572,1,71.66761921009493
56.31391831932018,86.39563868285074,1,81.76542597433942
77.59771388776772,48.14012532936661,0,68.58263620773847
80.77976069593255,88.80949475920798,0,78.12129644728434
61.74213845698301,79.60724402146637,1,71.28764058704844
77.30587658918292,91.04979908834295,2,92.63742083050687
75.87313077669,84.47828268129322,1,76.10777097029079
57.85544553254066,107.28280859947688,0,67.28551249196177
80.36681040522424,82.50449005295815,2,94.26019595973574
83.41176789552351,71.41188917749494,1,75.26182461315447
91.24576864762915,82.44595006064567,1,91.15212829299567
90.80703078052355,90.86596058072776,1,90.96771139840871
54.33495948064363,80.97720140651408,1,57.355098320953445
60.93262440127316,80.81183382407765,1,66.50119973408968
82.7255290081299,65.96016624386489,2,87.35533961092918
82.70678926368313,66.74198164898104,1,89.08510633960515
82.72571529459071,51.947894564006134,1,78.00256316862506
132.7909723598208,114.99153486373879,2,100.0
83.5633576603975,55.1227352921743,2,89.10501663097898
92.03348460270898,66.14189604408185,0,67.32613963015811
89.31002645239803,65.63185468861604,0,78.68902754745899
84.77086876958697,97.89848753888883,0,77.87644426432944
70.27096133039481,74.10100643415944,1,73.92469778478886
86.38453830739901,104.95484145347467,1,99.94615865819276
63.40762178193643,66.53018751512263,0,51.567811480777394
71.44772089889986,85.57988324447604,2,81.55700658711777
67.71954678256344,63.293058934804854,1,66.7016491182495
76.22811209079484,122.90298255546776,1,97.79965627621381
109.71987850010262,56.248031619409744,1,85.10960620850028
46.99102211112378,86.19641420454055,1,49.892759537483585
85.2939028556177,92.67553761864197,0,76.72320870691821
50.80926193215522,88.27598194902997,1,69.72705574355672
67.92102201315849,76.29424682244583,2,89.64219600332298
91.33425895451049,77.40358600533148,1,85.70582436387875
75.96420028643195,80.87622943958219,1,77.78425596815381
58.83382833106041,77.05995996743023,1,74.18778866014405
64.27044436110047,99.27758233589819,0,58.99683281895263
85.19396623402014,124.21046003182703,0,86.43691387404515
64.04450052424295,68.85016429984333,1,70.03386905412405
78.24687884372962,52.603940408418445,1,74.97540303518848
75.6835775985572,78.23435903297491,0,66.33142080307239
65.22599478591275,131.59418675308638,2,98.78605795600275
107.15916133987989,63.926508640605384,2,91.0318126290446
84.50878533477017,112.78233610888135,2,100.0
44.622861200135894,113.55401628152882,2,83.10746516731251
77.79681472154141,68.9282351658401,1,72.44508921140348
65.07320302847418,91.37966158370551,2,86.75274140014415
87.78650002194335,112.56793246257075,0,88.67664225595072
63.11218892350949,72.41744518025025,2,77.87980090389193
73.27895337799652,75.92839279795277,2,87.5982087211666
82.57480918470685,68.36638172102712,2,85.24113720070919
87.98632791255181,59.704865386142664,2,89.67019996489365
56.99555389416336,67.01444909867986,1,67.35274791404808
69.98248146238578,55.52119466475487,1,69.4307120817001
67.87582033258566,80.68166936518452,1,71.99733666128708
65.20006151139432,64.60053537882716,1,69.6212795419387
101.48181360421646,84.67571823581495,0,89.86485258645745
81.07472566441433,48.88208707592746,1,63.05975512853945
56.08674068497432,86.61760464428914,2,85.43269612905083
88.76792920582164,96.6705792321785,0,80.58065759974117
106.8323429551895,40.12528714857089,2,98.26444158388611
90.4869789082672,87.48113139695144,2,100.0
52.2094505106898,104.55337984946584,2,75.8333157751013
67.73648890700623,55.807179626175895,2,73.83684221991876
94.00366723779933,113.45144773675406,1,98.99489118432729
64.38495801571828,88.38038018732091,2,81.22632126000511
81.65729142219342,65.89976288483183,2,97.43898659794965
86.61951080144006,78.88461844684588,0,71.35323154578383
61.09604292632876,91.16653825043444,1,71.22985333349325
74.10711965907299,81.52010782824823,2,89.94224930193315
26.38098989896391,90.77511984892739,1,47.05038226367612
59.63418537998565,61.586528138412675,1,62.27806611073387
71.2114777291026,83.38721648072156,1,79.3303178879289
56.28325227052726,51.7257100619004,0,47.62336235897392
99.48616955897452,77.775478773026,1,92.55741107279277
53.54787933059051,61.921847170704204,2,68.05862118732371
68.39933269954524,65.28940114820466,1,63.05406841828471
76.96110865929137,104.72186350420876,0,79.20119030353365
96.61909933599173,101.82620241188538,0,97.29398568339685
53.46206773230841,92.18276241814354,1,69.8240775187453
92.4474562823244,58.15374470654842,2,94.04091776759691
75.1534959152938,73.67183100610396,1,80.65726062659176
60.27737023428074,104.26195399958367,1,71.09835585771005
81.93155211394907,82.83433827279809,1,92.52180604085689
77.98589543360205,126.3865907996339,1,95.7191584821654
65.99674684261808,87.86635678788744,2,94.11723963738262
76.04703127485028,83.84098232980062,2,87.1153484862304
69.2202960470736,73.81767071594997,0,72.76778845581828
76.70276017876873,82.67081809564564,1,84.69867900612884
84.9319601178157,76.95060327238912,0,76.80955748166795
98.79025224218029,94.1621735337718,1,98.69292567720544
56.43276751759726,99.13404633589168,1,72.35723132095362
106.995500619844,64.28021078984101,0,89.48402190122806
45.71868300716247,53.37534092884444,1,54.145611432191046
72.72322357446625,43.27589253793407,1,56.78135338812421
83.82475809726864,90.15982653825087,2,91.75687051130143
79.2148780160255,57.93266787652253,2,83.9794984116083
65.65950720269109,36.94218814095034,0,52.02835567972753
71.87816624464087,87.77157209061929,2,89.17542892947081
67.6049859801175,129.8599903486558,1,95.61584264163555
66.15952864583683,79.87858176920213,1,63.90378239806961
87.74403145531537,96.76981548903284,2,100.0
80.35523228947571,81.6365871709513,2,83.61421939803505
64.60635607109019,78.02220693617714,2,85.9690372009281
88.49399813149876,98.38152965975537,1,92.13856420461585
79.60949281314915,74.19450911622697,1,82.12209828287817
87.1929317825844,85.34784628143805,2,93.60069815103323
84.44443262885419,86.43395612392027,1,92.99417107277735
62.56507483616892,66.63819092713902,1,72.7391255001373
66.59728439704546,99.84084699073045,1,82.82834625050585
86.20940407684893,76.50080486609183,1,84.0282976716197
84.15555398150197,64.88509681014311,1,82.85814785841977
74.68647609053778,90.73019687140807,0,68.49648187580833
76.75991074963173,62.030640364179256,2,88.94291685413637
94.16497343682637,80.56362314738257,0,88.9154754779302
66.12642916746255,79.81762006711593,1,78.97419632050824
83.20646071755057,101.71791131663156,1,86.79123747648276
71.9671102134916,89.49396465759905,0,71.83554211174018
71.7347819515917,79.49946082509712,0,60.424999699690915
91.48165277980786,96.35532598400574,0,86.65754101896482
87.38124523482045,107.80415098034626,2,100.0
87.20264454000957,91.15620612703725,1,80.31936686445609
94.58218210731494,80.20705239686761,2,95.00250576388743
75.31505762449139,53.76327535299681,1,69.90232269687503
85.22929456942445,58.69772673849255,1,77.24259602749831
70.34599865109816,73.89550591290664,1,68.32886628743685
79.86249528732664,67.80975595681434,1,80.2053176062012
73.04785418448473,76.26057394029108,2,87.96425273748072
76.45493947489078,81.13299849794214,1,79.24151757442452
83.92735538155371,90.59385508713461,1,83.75561225428079
62.726689751497915,78.59002443881818,2,86.45655681462702
106.3858091352819,89.73003287652404,2,100.0
59.90973927750447,81.2894882962024,2,77.91488263613071
56.787170808184015,40.490668672922574,1,53.15866850101308
92.37166310250102,61.21329212362491,2,96.24302382564807
86.87494040944404,77.1182488855677,1,83.4702920126018
84.36179725578234,55.806105143177845,1,76.66192389310659
84.4251826389642,91.9985745999241,1,91.95294772197911
74.81629840729629,110.61501664687395,1,78.52750360090349
61.54118442771252,104.37523703394633,0,74.82879339107475
76.1370683729059,75.73114258139584,1,78.764986419809
64.84257432731832,109.81452273699904,2,89.7924356946798
89.62679600126627,82.97334914404223,1,88.22191157286518
72.79413927746792,73.25828057763921,0,65.4661145148751
62.61754204811233,67.7319467291812,0,49.234102730397126
70.1792123752051,73.95060627023743,2,91.76740044346046
81.19397181413436,72.23646362917543,1,80.59395033858634
66.54413170794038,83.40832444750976,1,77.16398701125402
62.666694066503524,83.2114796209973,2,87.3212091790715
78.65530817237868,80.0609204030683,2,86.1056487365462
78.67449856663085,88.73876339492699,1,86.19368765363275
67.39585236943306,103.81292549572683,1,80.24318361588391
67.93442541572516,98.99108270882647,2,94.6918339381655
78.48074906036454,50.30204063100193,1,61.54292452376182
53.27873487754014,28.9215773019609,0,40.14824261590601
53.888043384351676,98.68639822478548,2,78.92464221912684
64.22333668121345,52.66242603169158,1,66.49404457140632
71.7982927243223,75.50469196214632,1,78.08060416007828
79.66361348397007,56.59773947881281,1,71.23936045991574
97.13034325424329,43.9603912483996,0,67.90545400618564
87.86489434803029,90.82925456409576,0,79.41438613526026
72.60092205054859,95.18310320605293,2,87.63227305556899
74.71475688145966,68.4697919854656,0,69.57971020177611
59.96205953043287,28.179154157101806,1,52.58494596315303
74.72230296011415,69.07511103495034,1,61.020973989945375
70.67012041619793,87.83608010805094,0,66.878785999025
79.84077840507135,50.421768624517426,2,77.83827852617817
62.59153584671515,83.66719839558311,1,64.4987019493993
82.79019771361759,79.69380301654009,1,77.39512634201971
97.99108369503867,91.58582999202177,1,96.81744157379457
73.36859777314713,82.39160736828306,1,85.38184501561436
81.02567583148412,60.538621182368885,0,68.34291422292604
85.35215987566669,103.93143003328983,2,99.35820799430826
68.98169292171245,76.8294085394606,2,86.71735929071916
78.36138722715626,79.45390920980137,1,78.55755354813921
75.18888601172692,61.33464081853608,1,70.04072200678124
76.46514147823248,71.13435497616979,2,81.4475780386255
63.404853242168,62.30394571946198,2,67.97495162738079
75.36765261388415,76.54107880153154,1,76.23329667599272
82.46997436868175,114.23416960284686,1,94.54250295166376
96.76715411692562,52.56197714137287,1,83.34576726249279
89.3890623912781,47.72877204246518,2,85.87223440776962
107.29773686267335,109.42340654987217,2,100.0
63.489786556679256,75.81352645696268,0,63.87916082952119
88.08480955081018,66.61854522680167,1,76.25078969879368
77.75013008607527,100.79809374792153,2,100.0
107.8470439982651,67.88768920526272,2,100.0
62.87552571967273,116.52019427093873,2,88.91919752632009
62.40417236728836,93.55851742678539,2,78.17613269533024
66.00911031833967,70.24177183708595,1,68.1709870077014
43.141564135352894,123.14616426531006,1,77.70535005319465
67.11367467478858,67.88570153993324,1,73.2120557090729
63.61301007669453,94.84190744018613,0,71.51248883821273
77.25590679714311,85.98585160812983,1,84.7600122903945
80.12633963665739,106.03482578797596,2,94.36790237573537
103.14256258823829,111.23022393453705,0,93.6006586116663
89.25635757279075,80.64008298131533,2,93.84484379248174
66.34644516506395,64.93164259307633,1,75.94023439715646
61.52377992977463,89.19944285878233,2,77.69015758336793
82.37878757259759,66.44569260495788,0,73.82946877199147
55.19650189469037,120.26774495053246,1,83.66299397251781
102.47188148781531,82.73070662165475,1,100.0
92.69160181081931,72.69356897375782,1,85.37459881547144
67.96236521842943,83.69360611729817,2,89.44711176414792
49.30298206363683,53.05747420940607,2,76.90729068369812
95.3080856124812,60.567719229786974,0,72.26695875175632
73.28190232121074,104.00827815888852,1,77.4964236027312
93.56724467960193,66.86211442057208,1,76.79893096439396
51.08358511808449,59.0617803463612,1,61.93224531906571
66.0093746556934,90.73305505054572,2,77.40979026828684
75.07865549577275,103.71408309325994,2,94.29982296075202
75.70470890647113,94.37906621330134,1,85.92311114306789
68.24901792781135,99.92095371611633,2,91.85157455567128
84.34274898521248,64.86409822861079,1,82.19210318063158
58.98569355926108,51.56378666516312,2,71.97200141410985
72.8643077246806,110.02667303910974,1,93.12091561310825
76.80443447567848,73.54640322315728,2,83.38499974866029
82.71658251088124,74.98333967089906,2,88.73997571550579
85.67422317133335,106.56388283698115,1,89.51040152754024
58.13036862243196,91.1246001880132,2,86.36656028917619
51.98828743896567,89.11775544163216,0,62.43029203784437
94.16515232847763,123.30004689802168,1,100.0
79.98471017969388,67.12963539239715,1,84.04718505998511
63.7727019516517,98.55680256162475,2,81.94045760259652
98.26727963283784,81.14026249794169,2,100.0
76.73511951439288,85.37184557726513,2,99.26881849037656
92.6894577609574,110.56936852825064,2,100.0
76.01277722115164,90.15671512579247,1,91.56367541428402
105.91121887322981,90.76592158099265,2,100.0
101.33011263664807,101.45014674619604,1,98.6108709245344
71.2655377728139,72.70094540914229,1,70.89308898302126
89.57356426431534,63.21580665321987,0,76.31627717334189
84.68063924377721,59.10381611957933,2,83.2888246841294
95.52947336298523,40.67286821247996,2,93.30702022822256
60.52614809129843,121.12414259880644,1,89.50561235440455
85.29077189997659,57.93583268556634,0,72.03122744607585
90.87636730274382,75.57492752828456,2,98.61705375843916
48.618907703653285,74.46373400222159,0,46.5710981183547
57.25112231001337,86.14813395618202,2,75.9608587422358
44.411517333598496,96.31474425078594,2,81.78942820187821
70.95889748333164,97.2094697671949,1,85.63492443968411
85.76313383693943,68.33845122862124,1,81.76431807386231
97.53535578144042,76.65756572427178,2,99.42893545731631
76.11142170629662,85.65159900976599,2,81.23329336115088
99.42923318356938,75.02617747632905,1,86.81113105961815
54.29847812677663,112.14691152039985,2,95.78025576788454
49.44926340967268,89.81949903276502,0,50.21312990062078
74.16678451655072,94.69755572099635,1,83.85673653233475
80.76098173408961,93.25762537334825,2,100.0
74.5095787785886,103.4694771497065,2,89.47197707205366
43.98836849940185,83.62043117407414,0,52.40270282576876
73.66319940730817,54.063361040883066,2,85.10650564420311
55.43295749242721,87.99375903505283,1,69.72039881550842
85.04508823245058,66.97286212416341,1,95.46092685505322
80.49897369145272,69.42766636500487,0,60.78468782998211
60.90180320508967,91.72728037510187,2,89.35290868500375
67.2919962399496,104.76566142867271,0,70.94088748558926
59.11179717166573,80.42543153472123,1,73.45430853759918
74.05981354090243,86.17666025197927,1,82.49542195863147
89.32713480751858,114.04429889270476,2,100.0
60.21410930496684,84.81506358977137,1,72.71796662220821
82.56069773276766,132.0336622836079,2,99.85701006775153
67.04613572441339,91.31019291263088,1,80.63697681129426
63.10690751606484,44.784744816883645,1,62.790360284656614
73.39454460068163,95.06683242209066,1,85.75007733025168
59.47136516370939,87.62316769765556,2,87.26036103295806
66.69526041979228,105.79505508165491,2,93.59377197742039
57.03183161116728,93.46362702539916,0,62.998634173311494
104.47087699374583,77.23088032032453,1,91.44644860903838
75.52895327957593,55.51403527421269,0,58.4104787317641
64.50411738011121,75.8195348542795,1,77.38200398523722
78.20969866101333,62.989590915814,1,83.00437349988209
73.31507925463755,68.38953100390555,1,73.31535467239394
71.68545600700166,91.7715680884122,1,80.77275776699102
84.21250050065137,113.39809008702812,1,90.02385545153042
86.36261565070957,87.89343059645962,1,94.04938279570085
67.04248278584208,56.08233875929631,2,80.37727541775304
66.3627263903298,88.89205336440281,1,86.19133902583746
70.87422454272534,103.93262973291303,0,69.31270825961042
40.471182528966224,67.80434191361236,2,62.733972596372354
52.27213406702172,77.31965666654165,1,65.71640705280338
95.50311401166786,80.29376389458395,1,94.62244526400475
99.67451570251926,64.30203373835519,1,88.01698135527994
71.26445940665432,92.96560867687718,1,76.28355279478725
83.6483544458365,77.58103702784437,0,77.87036142047307
79.66875231815304,88.39064887814055,1,87.9241228670619
121.18321212682856,62.250156443958,2,100.0
91.79362367151865,71.25083399353178,1,93.2286384064982
73.0812361277885,94.44762715655543,1,88.03402336962274
60.666893390993614,72.54333695816466,1,68.83461960828451
50.903305196136415,114.53927702466811,0,65.30175553696246
78.05195453800835,72.00727628770795,1,81.20364446469694
63.654738820735446,84.49369451503772,2,79.23243629567129
53.666194356034886,98.65181663746179,0,61.94541900067987
65.3014067363621,51.63268534133937,1,53.90873192117317
58.77677994578407,44.78382376038448,1,63.083493323100456
100.30712452608847,49.486873708598104,1,77.22287071602321
88.22459635424175,105.25168206854364,2,100.0
74.88041038025074,68.96283708215107,0,63.96649688296352
97.19916208335039,131.16398571336504,1,100.0
76.16052461471428,68.71504802685223,0,63.1721596464617
62.08073698007605,83.69102606394074,2,80.91555563761747
97.84686115904486,110.84219905135751,0,99.05343313657436
83.08365065526988,120.12185776318246,1,83.44770443944127
59.441307685103155,121.23007153272795,2,98.41863300132121
72.14491982874588,104.16732461186285,2,96.22726668631492
61.86572619922865,100.48125051622925,1,71.22870263511989
54.25800403553496,91.85053898402366,1,64.73340215128187
88.89266321297463,95.56722152333276,1,100.0
103.64124960705196,68.97628567342933,1,88.15010106654631
54.02148639271288,63.63602233155386,1,55.73694598211409
83.44453855035856,79.93251085178096,1,89.73304909757306
65.24036146317259,76.59630754950143,1,73.81587352418354
67.69311924352957,70.9354390134545,1,67.2068753674721
66.11409113641696,93.92774894913431,1,78.92990424361356
62.04013845480276,99.10610417141021,2,81.82715090610333
75.7278244191724,81.76813772583695,1,85.47124296136755
62.535748253834434,109.55060162110524,0,75.69348426299791
79.05685238669759,57.1662177173299,0,67.24400774132724
74.24642835826295,76.12681081440564,2,89.19420556551454
71.41577929700385,65.66355358794391,1,81.35447427892235
61.386545069376034,42.6692676585388,0,49.63113897612838
66.34843004147501,78.34638628314602,1,67.4036032827248
86.33086838738635,77.56504983233432,1,87.31540554629363
82.5137578143657,110.26899486484263,1,100.0
60.33667132802174,92.61623369109554,1,68.91307543821245
76.48998458143839,59.5162635134159,0,61.94155596941788
86.27080685057683,117.08185132668376,2,100.0
49.95892078317942,104.42067391050706,1,71.03203039803108
83.15040288569902,91.64195406937232,1,82.47131005034454
65.0606436158123,75.47031802300336,2,87.28677085754074
83.5589800288974,60.81121526553041,1,89.97895620708385
63.55111265186225,72.55586447857894,1,70.87808422981057
47.92676849003222,101.77497239408372,1,64.76821136356445
50.58686343175256,117.69172611869217,1,67.9148332693918
75.72127419992073,110.86487056544378,2,99.98210559569148
78.89583752582223,70.22301156427451,2,93.92379270135699
61.43525062343387,57.607651334219774,0,56.51928450680316
84.57888688166061,82.81772493822407,0,75.58063040586931
50.0771990659656,44.63121268874297,2,60.48932498725572
74.00880302029024,86.46335428369562,2,84.88346993369238
56.834757003563155,77.04794827402662,2,81.38899531597029
65.22245838296762,70.67926996263516,1,74.90611412549904
75.71098006974621,48.10593865466409,1,62.129720704793286
62.09379952074072,90.27200213139433,2,92.28707524276615
69.23166683655262,69.34598320676177,1,75.2131511684301
90.0943921382166,56.60166328579424,1,88.03510749439721
66.34662195715276,22.554755734367014,0,39.86376115217618
87.53538168097712,79.44970189898727,1,79.52701880120526
58.05439718013573,115.44503193339489,1,78.72130133926342
82.94706266872925,113.2251842909574,1,96.24971502300075
96.6235293098685,70.85807486827457,2,100.0
37.92533249809066,67.95575879276439,1,56.672321705759366
63.046571167942844,89.37548512150047,2,83.42718185315567
83.6560819077081,60.03229121623417,0,63.07149047116564
71.9543192093551,86.03583799638932,1,85.13334578812561
80.56718810056964,95.32160556769381,2,92.11326740189635
65.94022219926269,104.53866447768615,0,79.06807543672507
76.2988468120935,77.99691847040094,0,67.75646038034384
72.66484146911881,75.92652499646069,1,84.32977274349875
92.5167309248971,62.440348264868774,0,77.63679948469529
78.8163126495182,63.4623929192028,2,85.64352801825946
80.06403993112804,75.47042216196947,2,88.08256874813702
68.821845508163,87.34731013632356,1,75.79276095906445
67.6859066389126,98.27169252466499,1,82.23463520262325
68.51162718270568,63.9364209863931,1,70.67368508662992
80.91678213567445,109.85377137919043,2,98.53714365481827
68.68523278769605,74.57752797914863,0,62.75624101477405
79.34662285344619,79.57265411303128,1,81.87265509457285
106.13101197968157,65.05576641704353,1,82.55166664084794
88.06687055147539,31.515194794541166,1,74.58552134319108
70.10964701748239,97.680907927221,1,76.4714544650717
93.01820883245918,94.73687794184866,2,98.46532666600137
68.87886940467673,74.37344885763574,0,55.20263456454322
44.428131972332196,81.33981434449744,0,42.0893609974091
59.87870533623894,90.31878435408198,2,76.2456209924065
46.938121184612164,48.74908286226915,2,59.24249278129559
69.72729773938038,69.4189464530741,0,72.42835826718328
75.27627568784328,95.88529359243654,1,81.3019551109609
100.14655968412924,54.914211536615014,1,87.4509498028022
79.90391060646245,85.87115864333259,1,85.70610088940889
71.71349206786704,52.8683639075319,1,69.54393034405904
87.44108371775233,89.32859964867053,0,78.8760128216226
41.832970364881724,79.28717035405033,1,52.90946450714791
78.53421837162848,47.69736368188981,2,88.68437786894009
86.5629779083045,103.29478708914343,1,100.0
52.821206313302376,65.30816846403901,1,52.87188085657971
92.15631064810394,63.79495125971238,0,69.31212881234418
80.07744611241621,84.01138394461886,2,91.85083113895034
68.77068129148797,102.9727469885743,2,87.33154389691411
84.49172799159427,59.68356362043206,2,91.12993364836551
109.06039286706593,81.23359699695943,2,100.0
77.72799382587743,88.57633000661146,2,100.0
78.72330879450504,93.86211214526288,1,91.34536189199987
68.10958650689633,83.5288311055445,1,76.98727138896223
62.25233445802812,72.65944321833355,1,74.2841649569156
87.45503724816368,63.44819558702561,2,97.03698314679244
62.15874261136699,81.7228776609275,2,78.99237142480722
76.07349355829089,58.557219760287865,1,69.13017584035106
67.83513829852325,21.572990330107856,0,47.56369539299454
82.18469738619588,88.73119608315335,1,90.23835787915326
80.00493157930423,98.07869682172391,2,98.12186998736681
90.56309916386849,32.741351289163234,1,66.27528247411507
67.3497540171788,59.805385905801245,1,64.33734596229344
70.95187597059943,92.38308522010395,1,79.91618683041895
60.31854426326539,121.14990939423397,1,82.15777135460029
68.33560109885832,80.41587415350816,2,94.98883378931647
80.65950739567279,65.43994117541732,1,71.09774707803388
86.35482924968028,76.3420711779032,2,97.24346511235849
61.167520137335615,107.4975283829637,1,86.39533613893191
88.0440888015849,67.0807164175093,1,94.30791693331771
95.33456788207427,64.01615986699493,1,84.38360157342322
81.20152354835551,70.34512955635935,2,92.28160025952211
103.151937188371,60.93342783482575,1,93.01999244946354
63.39316201344641,82.4534063198959,1,73.74932776180307
56.33017945032874,112.49356916939121,1,77.05195241481809
48.319196266435824,86.46158546232058,2,77.1098703460579
97.44066467233775,74.95292995747425,0,68.28904736454649
84.81548484531086,74.16377462168911,2,96.5487707440064
74.16622993634317,48.73618382606686,1,69.7514826279358
79.19952939479731,97.66219554294318,1,85.70600181587001
58.11766429052435,78.44325605974396,0,68.63788637083559
111.68627969425239,76.39040172818748,1,96.55421824105491
76.93831772962841,143.86215135689721,1,97.30625609952105
76.64092191907339,85.97505816731372,0,81.73483711266181
85.88649935848038,64.96417899809632,1,76.86084679026784
82.2151384760507,71.47284807588913,2,88.02036109371446
78.35826036418698,102.9689141839351,0,77.17050335653846
63.142883168320324,82.26540821075528,2,86.76902477486652
82.07202535703993,51.234440433652665,1,75.65255988108632
103.2303674471255,98.38457869150407,1,94.9904673399652
95.18130069232467,66.63711828922013,1,84.43907308652489
98.89779939959095,117.4659555243509,0,91.54169413099878
67.33176485353222,101.60096131429297,0,70.49324208029199
60.15592769612129,71.05356208682498,0,59.538843536869415
73.11319619850528,105.62032723470226,0,77.64504466895372
75.83587368433042,81.35711021054807,1,71.02859850352066
91.41287277706422,97.05547350244439,2,100.0
49.613030554277714,89.6946563458895,2,77.93905946631659
97.9432547919092,63.07286690018253,1,94.6104731831698
72.62988152131516,67.12900335365076,0,65.93762155533769
68.5967839507887,100.59921635162323,1,86.844450064639
59.81843437109749,73.30449335786918,1,70.21513518726988
50.177149922013456,71.92703073516006,1,68.41552795476983
87.34755875942872,60.89754841301294,1,83.28905295965001
76.09976950782605,88.47198131186923,1,81.71187986604188
55.65058650388419,121.25049838486291,1,91.12767502002379
55.57381841904576,58.64934171491454,1,65.38427917730128
69.96322951064808,80.48438913345517,2,88.99197655144746
100.0353228793409,108.24441110830858,2,100.0
71.10612972954593,78.40717217508569,1,69.74429140293557
52.45285570322841,89.04743592499467,2,79.6495216101447
71.31385403871083,58.75212943706241,2,81.14155724318643
70.90914645378494,88.56614194415297,1,76.04471763047528
34.546700355876425,76.25711469990902,1,54.310068121558864
74.18557700223282,99.71459991359725,1,92.36886081563685
71.53598204686983,103.74772103129501,2,97.5229179102619
85.44309547220128,131.79127284037227,2,100.0
102.73434142418017,91.59266346427151,0,88.56085975807483
91.89847544321637,86.51592633164333,1,87.06903076116001
70.96666964167754,83.88768603154672,1,75.80780801242773
58.40211136887494,72.93667414378623,1,64.85419073631262
113.60039704874791,86.76967686923382,0,91.80291337699886
75.88827651021732,74.09197179721941,2,81.48488058542924
75.2089393786942,83.36921952539228,1,79.49785607724326
74.63812369334995,106.3519507121592,2,93.88542124542117
77.97127141151782,59.86914869440717,2,70.0962640052215
72.83459382114086,102.7975712225809,2,100.0
66.39506989679646,106.34230134679731,1,87.18358061320042
66.79711588139412,77.63862946017842,1,71.48835474226502
74.50870094676003,37.56290201982811,0,56.068186422707434
66.84862843299352,67.84356025811135,1,64.6039734006417
64.30731325984253,105.93989093122218,0,78.84496962432651
76.59645341537845,79.54263875402236,1,89.30710714929934
71.17534173868717,60.01395535410178,1,71.49286029067545
97.55989482874033,69.90450157543565,0,84.62494059080161
35.23545287410482,96.81240053009105,0,51.06142577815983
91.37260277883692,90.9346713640276,0,75.42033588213077
93.69127788746444,75.22135801660612,2,96.7220572926422
43.89914651387776,72.66351176370625,2,68.79818127129832
69.85968608879477,72.16483701912357,1,71.29252416529671
69.42838701006313,61.55179631002995,0,59.02930471187168
53.88732457923268,112.30751378938884,0,65.56765109681068
63.33274968613687,73.5535906157732,0,59.66133450708677
58.34136231801257,104.34317041650993,0,66.56906096824792
101.28405665135435,110.42632103844903,2,100.0
89.03517589721191,99.9662179629592,1,89.82589018157522
94.07332642491238,71.36759374563903,1,81.43135265013927
85.82508096064853,88.07460180673219,0,82.80650686683978
58.06422343174156,79.51608787218167,1,58.16512571149781
67.1321960058034,61.92596278539744,1,74.6250581556859
82.34061841841877,86.48718563443207,1,92.2822737276951
56.66808286662082,56.41920417680395,1,59.415708038100576
85.69497645258582,103.75358776923127,0,69.52737676318438
71.39511902762797,70.70765405403213,1,72.24281482294998
69.37768788675604,84.02319311745678,1,76.51264986084657
85.66439952305237,85.66575743092284,1,82.0453758434637
81.6639496722906,74.82190052591845,2,88.86884799210868
69.5855075127138,91.7338760295055,1,86.92244331079668
92.38994705046372,70.50192686754951,1,89.90918210205179
58.78405008600154,97.42594594914488,1,69.87539326445389
84.23903410416395,53.080406395065026,1,68.47954653304072
83.89651886952575,82.52759159092824,1,83.46110221094507
70.35680341029014,118.77857998116569,1,86.7803721437716
79.89199533363177,59.993373507888506,2,88.41420518936219
56.23329635422046,66.44510058950297,0,50.99692442654487
88.86040528810352,90.2781569931783,1,92.9571881476249
72.22646795335517,83.59163563879196,1,88.08914166395184
67.1591546922144,87.01260198547118,2,90.4767785231913
90.73513838755333,89.78374260295327,1,91.13576327676412
64.4348446418586,92.6944293712354,1,75.5534832412193
53.873080554546604,102.19399683912447,0,61.198681713565946
51.65056239714144,88.19637313857025,1,73.35245394211667
84.0901492701846,75.17484690762915,0,69.869976404643
55.793559712555755,93.45147402405462,1,71.73769157974976
101.32191272976547,117.9976386979043,0,96.44842875663599
43.77105888174417,77.34732507234853,1,56.9579118866934
100.44684552435058,60.50941390658717,1,81.55860374716599
78.16526200803928,102.14161338573945,1,89.15651373863375
73.54930332194411,77.59237672092803,2,87.10227515016794
66.82621369786575,36.546609079719275,1,63.56091328981808
80.98704171528107,96.94843354300843,1,85.00875355987534
74.43547946362727,69.29343628092154,1,81.55342505651807
91.54952823024783,78.18933435391679,0,74.0026483382645
76.71341472993059,86.63960661138029,2,100.0
77.25452642192816,83.80999359558133,0,62.75753138268998
69.54581681679217,94.1890363427808,1,82.158051315694
74.14581564418398,71.29027258860313,1,78.25172457572445
79.6170265333809,90.26211596352165,1,80.87106536938062
49.347474110150614,74.80906644832166,1,64.17317408989193
54.77721866841431,94.77620961775006,1,77.6967874351744
86.14896141034072,92.30734968026107,0,68.29748755351243
77.56298157191912,61.29122595910809,2,87.43888076833797
72.24024995470981,101.71964232350064,1,71.39368856822568
75.27650899598089,69.28073109771904,2,81.12180070928821
80.21372558042506,96.1611559656229,2,100.0
66.90360479535957,87.34574626802682,2,83.43697659066352
63.32542911896531,116.76367353590246,1,77.15495971010505
77.93767882646523,75.53068035256295,1,78.43212275672462
60.32440833577452,73.01366407763605,2,88.4382759155733
81.12379133571707,79.61160788224535,1,73.39934593007371
49.46124593643239,73.93640434331449,0,46.601119306657054
90.43733455988465,95.998838038841,2,100.0
82.08896223619564,47.67378783126824,2,92.84402540878652
78.84044601470814,58.92635161707292,1,74.46501697249533
89.74036475918271,58.64394156841614,0,65.24213781340124
99.98211666693865,99.00615183947151,1,100.0
90.21555097527195,114.2122674516385,2,100.0
47.38688653002532,77.91101562925057,2,75.20017154560153
55.806345498964475,76.62356553619979,1,62.40886521555153
65.62772133456482,81.40104326226363,0,63.5517990752278
75.3913657531625,103.23756605216381,2,95.40428886232249
82.76488530703685,61.45293731618852,1,79.74906890215655
64.11384280269802,84.7673796546957,1,81.1535267686842
77.80150146715617,99.5039525956486,2,100.0
63.66925601470016,90.0218833987969,0,59.82123824353537
65.82723295512078,83.79163233197487,1,81.51631172276262
53.900083547276665,100.02092185134282,0,63.911987383834614
61.151501308336435,25.935354140015257,1,57.90683600630102
54.724730915754996,93.55750639061816,2,88.23479476303146
60.36190120534001,66.91848633745153,1,60.7347853768717
90.80462694911759,43.387342062870864,2,87.3198508947995
60.759016667520854,90.22405199049962,1,70.86535284086632
114.48573097256086,107.47317090325916,1,100.0
82.39976851321333,77.25102970744616,1,84.34871990818644
77.77254185542311,99.05749094405877,1,98.93855515439361
62.1246332972818,112.24556515977291,1,71.74806080377218
85.50464819113488,106.29828907168095,0,83.03087258093785
66.36543260643339,112.79929058742786,1,86.86176141546225
76.83014721968043,94.84254982143784,1,85.16624428652051
113.40126807403192,81.50867277803185,2,100.0
73.55910150413025,47.96068376205663,1,62.027584213866014
92.23909989428513,75.07875023740102,2,99.0310187224922
64.45235362311169,63.13506809367617,0,53.82811271689023
74.47517264254557,123.41885434995628,1,80.76115136562146
101.56200953453265,76.48228375135326,1,99.85485194869423
65.5954941331835,82.46409613568972,1,78.88845441982723
102.18672836995393,91.02970752080935,0,88.87925416247056
85.61627903183214,80.87204892744907,2,96.77675553836252
66.56299836158598,113.90102080861506,2,99.47969532311392
84.48611608583282,67.54701276531097,1,82.07747176498339
89.58831674440094,83.89214910474486,0,83.44072255187059
84.32714943325794,65.15058828603904,2,88.65405514139722
51.446629201643155,53.599549775585885,1,63.507761146531394
64.09294236262697,67.76461818189429,2,80.38907950180788
71.28722046672743,79.25926405903176,2,87.52037121577536
73.8834985634993,71.4139555096548,2,79.40398034743586
84.31008146326018,66.15158040252288,1,81.86630227022151
77.66551501399881,51.873650726563326,0,58.00162963889603
54.96983461934848,78.3378885474261,1,63.291853703194455
80.70296776508945,49.90559251937995,1,69.31658027328706
84.15878617925735,95.20111927379205,2,93.7244328301959
83.3968567189656,81.64879505869007,0,85.15660956407119
91.21171088331933,50.84897001070139,0,76.63841284314404
87.50883231823356,73.81581845900273,2,100.0
81.88770118842655,64.95687188818833,2,82.50520718173462
73.94751432812029,86.3834902083836,2,90.63982440894172
50.085585997260125,106.80900892046289,2,75.62651614847445
81.44427328698879,42.49655060708511,1,68.13705476833348
78.11531530744666,82.30052158294835,1,76.96871074226962
79.0736825579306,76.79734408866719,2,96.68133279356631
55.84877136269536,93.42680152900931,1,69.55615488581121
58.784151893876064,84.26393256475379,1,75.89156757422187
90.79729279999356,64.96061336522362,0,76.9871641375058
74.40667269215018,73.61892128666764,1,88.24787376181435
85.22251046058936,64.07948286393022,2,82.96013001983405
75.42477564195691,101.52014277197196,1,92.00707441569973
75.44634209243618,80.42623297343884,1,85.127879499497
89.07425708963997,118.02381371506016,1,93.98480417816687
67.25932907673939,78.78678372370759,1,79.0272992455217
76.44181165411474,65.83186466179075,1,77.2953712061372
68.06587066942436,49.72571214774346,1,64.6198547462106
68.48255658851527,43.9372064748811,2,70.15101846071349
70.3624181479704,48.317281139890206,1,63.11708797350337
78.3320065745057,85.34253302022967,0,82.85102432970196
67.81877067504784,90.17450046459868,0,67.74702663919572
93.83634188360281,48.37618595935733,1,84.72531092562619
61.580890466707444,97.90076628152231,1,72.3642672561434
72.19692533757961,70.3387789663312,2,80.52052416133894
68.40403412588738,82.93586023971099,1,81.33310259369543
96.704668265306,112.24441256510849,2,100.0
77.94832164767362,97.93678631731063,1,84.073960044271
90.47766809202952,74.62938704188335,1,86.84555402314388
52.716594404445416,62.17615549169425,1,60.839666299375786
79.00575398803889,36.9636919734139,2,77.59709355976672
88.34446193435156,65.6169336151516,1,84.67085615063603
76.23425983913137,75.7773952234461,1,81.93805324960171
90.98220562598027,60.25640945697632,1,86.3394339399777
67.24067324849442,77.3748606581539,0,58.627843103203695
96.1402116027837,81.53703765917537,1,90.72446276977884
109.48347185428875,75.50288036383843,1,100.0
69.55742159340511,66.9999483835308,1,76.30767340897167
68.31746217898842,83.37309343933455,1,69.13810808178809
96.80076715676552,88.83881299138818,1,96.48950369323677
98.69358218596068,58.19201845114308,2,86.78262860004527
67.15709959270097,108.2186475949254,2,92.99452854440004
68.69719774356214,78.02823735431477,2,94.1156249361616
70.7732308670924,80.37699245889695,0,61.837572671579586
54.833242334485846,94.16428846513114,0,56.977616712772935
61.220220802737025,84.66432262527003,1,75.95157817708751
59.93788849871898,99.0627326782649,1,67.96754532666262
63.483036523438074,85.74248330403648,1,70.6487917558486
74.47972668919829,67.75125250719124,0,67.9954174535851
78.5132209880478,87.23007050412204,1,80.10552450561828
98.25750739221115,57.125475853586764,0,74.91229725534785
60.024689388918134,82.17119411553047,2,84.38710041958518
89.76483597714875,79.33540018711078,1,89.76725206010528
71.79016733661737,75.83766285454921,1,77.1594912398122
74.2580443552135,77.42924977122138,0,66.08799014814433
85.12229238249905,42.36301909004722,1,75.63258673285837
58.159169676565526,69.02550184518077,1,64.98448895899476
80.73614619276076,81.85689802282229,2,95.28778517213206
77.49678312319584,83.19712783994801,2,88.97254810031201
82.38676896012224,59.44649718148084,1,76.35316565861989
79.33752965861727,105.31415681729402,2,94.2469758775985
111.82950209866341,62.676503035709985,2,100.0
65.43390023623026,99.38914401053474,2,85.02207902675434
67.03504567497274,88.5438872374337,2,81.21396132540377
65.65289210362853,67.07545380312393,1,70.80767714239124
66.66784321259618,115.50621785219025,1,85.71627016250308
65.43919309040223,56.1272633648704,0,60.01606353844531
92.83524796661328,98.38308347220003,0,83.06044597375248
96.30756371984782,100.01164636085957,2,100.0
66.43880559375785,66.58759581846711,1,72.59354996316316
62.51466640343657,107.84930600128658,2,92.08746068160589
82.07123334579606,74.99906970802094,2,87.6141925058732
66.71665433578544,85.77387258559715,2,86.50897178850634
84.49397726633266,85.20643677542441,2,98.07901887270022
78.04384531276949,77.31382517058904,1,80.0563470733781
52.26383827504152,96.21616546319564,0,49.790764312128175
98.21257801995093,95.86977441104426,1,98.49092725515123
101.93816509643283,45.029360535236385,0,85.73436241541683
65.80816964273421,106.08680485756305,0,69.51074689912453
69.18447660096024,46.750160239286515,1,61.89534854308548
79.28798086087357,100.65092408683314,2,99.63480854113106
80.01685184980538,102.53410273655166,1,90.33223298318158
84.87816409009245,58.18067139569604,1,84.34477569984635
105.15306808149525,71.78371424090831,1,88.3376143416252
72.34579158758926,57.88590663028128,1,74.4301482045129
63.02554133192319,75.70157939422529,0,63.47790892367882
54.31021157978209,73.83931431628517,2,74.02718855805207
64.0360494008712,95.59321064538679,1,78.79302942374721
74.50309540689304,106.20617492239217,2,100.0
101.91836795276681,107.91367621579911,0,97.88670053654208
67.23583051445743,68.75663946843396,2,75.25339358883602
78.35681927458347,75.81556252510944,1,83.85955125606033
74.75365655890872,46.331236155580996,1,68.42812175685694
92.82589910172126,63.88259867007622,1,85.2246895521332
112.90398638810433,99.29703266194915,2,100.0
67.03696840619519,112.31165647096464,1,83.1644630410152
67.65840836222667,55.31302256240156,1,73.1474892715918
90.66241315603608,68.15071481694211,2,94.42407253945822
85.22837234439467,79.47188486082146,2,89.38085822296739
102.7006098860405,85.60322317639213,1,95.33368360469329
83.75892277988946,63.80792960156708,2,90.29120613245617
69.61061863819411,88.48122088928179,1,84.45681137118626
83.85982246038463,70.52321305858167,1,84.48833081854944
91.63055370874362,79.71095458243441,1,84.63894220624128
87.30723271796046,90.925684960074,2,100.0
82.60911046660947,80.12844539621875,2,94.9278764537212
91.00012034383731,71.27228218946863,1,92.35871055313805
92.5394338566851,77.80780392148338,1,88.10742932256993
95.7323848655629,78.2327408158933,1,93.57604938763298
84.73064831384464,72.59977940235744,2,96.81566533160604
72.49322879524719,74.82407874665795,2,92.03413445991698
77.20070529649985,111.97294341009433,1,95.19914772781932
93.09763449762535,91.21838895882478,2,100.0
62.74596493519146,74.09039363941679,2,78.29926339696937
80.53009963309351,93.93908809021471,1,83.64105599714021
69.09991781508958,73.3236102048798,0,65.12007130213867
75.43117234402226,103.46249275173282,1,90.96309159363854
94.17677793910948,87.39284384396188,1,91.61031641277121
77.86648602029855,77.85395711991542,1,85.4019385767257
75.69654822234223,88.95433851620555,1,89.3673142156979
54.60215788530121,48.58247695863001,2,62.75443322340263
86.19380349040831,57.4646506218039,0,64.77107376180476
84.68226271711613,56.12149987201889,1,76.94393229734867
107.4488208495819,82.85886189527413,1,100.0
70.38332647570499,114.65029998970184,1,84.00225081349828
78.28725491495908,124.62600292385264,1,100.0
78.74075525566133,92.76102202881515,1,87.1930940696336
98.66179919645211,90.01688949888914,0,86.3993816087417
73.57056701419572,43.97884531694522,1,60.156446184258364
79.18532288655508,69.14652400531956,1,71.67607185139137
84.11844764574809,64.24432496183522,0,71.14941232740846
77.79913684734537,67.58304803497768,2,76.29141838812635
68.30349578174207,76.63712362830421,1,79.03642160575686
77.91134989347461,70.55818844605746,1,77.12349724804041
91.10447624789659,40.414003792484245,2,100.0
59.602270508834096,94.95820512235068,0,75.78840509508622
76.99454511220314,58.54513948520387,0,62.85302356664546
64.4981877759124,84.78493728222298,2,83.60270883755776
92.92569943387264,121.48165339499947,1,100.0
52.15219642824338,61.61230816827153,1,68.29087335701767
66.61617229092617,29.394249545073407,2,60.59783295089764
80.65817812596781,74.27991556239779,2,81.74700421752658
98.4828604385151,102.01919269997143,2,100.0
74.01374608390519,119.16694908441187,1,93.07202029153599
66.67200709960203,55.40900811095166,1,69.1102746455847
103.21735604160885,89.93398446473043,1,100.0
53.279791493756335,70.69379086439893,0,47.17752451374694
42.017910650698774,77.88103291391728,1,46.994336949750064
81.60021675079999,132.8868669403407,1,100.0
67.46918663471084,49.94059343209693,2,71.3227086456294
59.681507743039305,85.07479322989147,1,61.23890329284784
85.6253467094903,89.35386343530867,1,88.90668578608368
78.65701070656799,101.71572649878695,1,91.67480281467026
66.53882053894907,81.95966306941791,0,63.90090558358842
55.79543401993658,86.16101079008205,0,57.03632171807411
88.08685992420217,72.16702865156418,1,83.70541338926103
84.75301766937991,85.38253882490214,0,74.61365843709467
73.51236204330925,73.1361544900518,1,69.30802801330026
102.69955494071499,92.43143779712102,2,100.0
58.94872850510771,72.60779327912732,2,79.7579746118719
52.117122436128916,87.54200787804373,1,69.14126853197297
64.62137895178134,79.41474372630043,1,73.43754951879303
74.31620975466754,102.52100501544336,2,90.37028494816663
78.65009173984038,78.97212552823028,2,89.97417689169497
71.38145913215506,44.53935063586237,0,45.30535543783746
80.28083094771445,105.23843001427983,2,100.0
56.22690863714334,61.88535398274762,1,69.44603991617812
96.65646906109889,66.9246732270236,2,90.70062274455587
73.76773232411146,68.08677411913015,2,81.75703326361715
91.75943747382192,107.48876186341634,0,88.9478249368687
80.14088019566556,37.28651572042609,2,85.53469600566457
81.85129828730676,142.75497067319986,1,99.69614709284326
83.54650920348305,101.12113618132103,2,97.00299473015666
81.71562840025973,84.4647782825832,1,74.52419481285038
84.64084139801315,78.90211998767427,2,94.9723314816507
94.93728795198646,85.71108149715315,0,92.88607742105653
77.94781754552206,90.42244856758677,1,85.28221740741265
85.63505636382769,92.90431171900114,0,79.14093243807838
73.6539645856916,91.11208932006897,2,93.13641710127057
96.6017582317421,81.79161362510497,2,100.0
64.85411546911095,76.05323159385348,2,77.66336689832197
102.01410649366224,76.97453432692977,2,100.0
74.39763074033485,76.10183439294639,0,68.59793637764359
53.53837346822928,102.67540193734129,1,73.01371092180824
76.92156622366184,91.87113444561723,0,68.83744993149102
64.78422513787679,21.192227306714393,1,61.74574293441418
87.60965323483086,93.11801553059522,1,93.82471032674263
65.21064031046413,83.8947238943755,1,71.53019716775462
68.3072485017783,79.62582487108205,1,79.88122083080128
46.65688903581703,72.22963093822229,0,47.175168511030876
68.21540521126386,102.48225439972026,0,67.7639019841192
38.64181010056565,98.95052924245715,0,49.0717292456751
51.24145764771415,64.54244664352782,2,61.25226581624638
86.40621984216446,88.1410457424907,2,100.0
86.78700237976248,60.566865309174275,2,81.08653662891801
81.38186342677447,52.40763670422139,1,68.40918991100229
60.495357853061805,67.4656555082007,1,56.15897131890462
74.2843296578703,97.24786944765518,2,93.31461016506427
74.94596191364147,99.06250090752174,1,83.93472511908205
57.624529662111854,90.26170840194587,1,70.01974925191905
97.55097452650726,94.50191573695994,1,91.66827096363946
88.16043435863507,90.32356574229917,0,74.13216157068759
71.68553739255503,67.17036809554095,1,75.48428218192817
75.40328758491796,88.63845089347882,1,79.08074816045198
78.12574211921329,96.00819050455365,1,87.25969403057479
44.37397697363564,95.08582659627149,0,50.72389073244172
71.29233926219105,103.77826742949286,1,84.81419750001788
64.77023628003302,94.16607694402127,2,93.62835503780651
59.975699851576266,87.02896415083165,0,65.02493815815917
70.78349560671067,101.40300476632855,1,80.82892970284256
101.96529790274283,79.4695748150188,2,100.0
84.61264291900514,62.36250697544564,0,68.27301197138571
66.43231515325805,76.73866072112472,0,62.92038823176588
83.58874172034238,65.10194710387103,1,78.05577390262422
